observation_date,IHLIDXNSACA
2021-03-27,120.51
2021-03-28,120.94
2021-03-29,121.59
2021-03-30,122.12
2021-03-31,122.57
2021-04-01,122.75
2021-04-02,122.95
2021-04-03,122.85
2021-04-04,122.75
2021-04-05,122.72
2021-04-06,122.57
2021-04-07,122.27
2021-04-08,122.24
2021-04-09,122.34
2021-04-10,122.30
2021-04-11,122.46
2021-04-12,122.57
2021-04-13,122.79
2021-04-14,123.28
2021-04-15,123.70
2021-04-16,123.92
2021-04-17,124.38
2021-04-18,124.66
2021-04-19,125.01
2021-04-20,125.24
2021-04-21,125.37
2021-04-22,125.56
2021-04-23,125.82
2021-04-24,126.10
2021-04-25,126.33
2021-04-26,126.43
2021-04-27,126.54
2021-04-28,126.67
2021-04-29,126.67
2021-04-30,126.52
2021-05-01,126.07
2021-05-02,125.70
2021-05-03,125.44
2021-05-04,125.31
2021-05-05,125.23
2021-05-06,125.30
2021-05-07,125.46
2021-05-08,125.77
2021-05-09,126.27
2021-05-10,126.63
2021-05-11,126.84
2021-05-12,127.05
2021-05-13,127.25
2021-05-14,127.44
2021-05-15,127.72
2021-05-16,127.71
2021-05-17,127.70
2021-05-18,127.72
2021-05-19,127.78
2021-05-20,128.02
2021-05-21,128.31
2021-05-22,128.33
2021-05-23,128.75
2021-05-24,129.18
2021-05-25,129.43
2021-05-26,129.55
2021-05-27,129.46
2021-05-28,129.42
2021-05-29,129.78
2021-05-30,129.94
2021-05-31,130.04
2021-06-01,130.30
2021-06-02,130.72
2021-06-03,131.27
2021-06-04,131.87
2021-06-05,132.53
2021-06-06,133.06
2021-06-07,133.64
2021-06-08,134.30
2021-06-09,134.97
2021-06-10,135.63
2021-06-11,136.21
2021-06-12,136.50
2021-06-13,137.02
2021-06-14,137.62
2021-06-15,138.20
2021-06-16,138.69
2021-06-17,139.05
2021-06-18,139.43
2021-06-19,139.91
2021-06-20,140.10
2021-06-21,140.18
2021-06-22,140.24
2021-06-23,140.50
2021-06-24,140.61
2021-06-25,140.61
2021-06-26,140.90
2021-06-27,141.16
2021-06-28,141.68
2021-06-29,142.18
2021-06-30,142.30
2021-07-01,142.41
2021-07-02,142.45
2021-07-03,142.16
2021-07-04,141.76
2021-07-05,141.19
2021-07-06,140.74
2021-07-07,140.40
2021-07-08,140.40
2021-07-09,140.67
2021-07-10,140.93
2021-07-11,141.40
2021-07-12,141.92
2021-07-13,142.42
2021-07-14,142.98
2021-07-15,143.41
2021-07-16,143.68
2021-07-17,143.94
2021-07-18,144.47
2021-07-19,145.02
2021-07-20,145.50
2021-07-21,145.97
2021-07-22,146.42
2021-07-23,146.80
2021-07-24,147.48
2021-07-25,147.99
2021-07-26,148.35
2021-07-27,148.81
2021-07-28,149.33
2021-07-29,149.84
2021-07-30,150.35
2021-07-31,150.70
2021-08-01,150.75
2021-08-02,150.86
2021-08-03,150.67
2021-08-04,150.50
2021-08-05,150.50
2021-08-06,150.76
2021-08-07,150.95
2021-08-08,151.30
2021-08-09,151.64
2021-08-10,152.20
2021-08-11,152.79
2021-08-12,153.32
2021-08-13,153.84
2021-08-14,154.31
2021-08-15,154.78
2021-08-16,155.10
2021-08-17,155.53
2021-08-18,156.00
2021-08-19,156.28
2021-08-20,156.58
2021-08-21,157.03
2021-08-22,157.54
2021-08-23,158.05
2021-08-24,158.59
2021-08-25,158.92
2021-08-26,159.40
2021-08-27,159.83
2021-08-28,160.28
2021-08-29,160.63
2021-08-30,161.03
2021-08-31,161.23
2021-09-01,161.33
2021-09-02,161.31
2021-09-03,161.09
2021-09-04,160.69
2021-09-05,160.46
2021-09-06,160.35
2021-09-07,160.08
2021-09-08,160.02
2021-09-09,159.95
2021-09-10,160.00
2021-09-11,160.27
2021-09-12,160.31
2021-09-13,160.37
2021-09-14,160.51
2021-09-15,160.76
2021-09-16,161.01
2021-09-17,161.21
2021-09-18,161.46
2021-09-19,161.89
2021-09-20,162.24
2021-09-21,162.60
2021-09-22,162.85
2021-09-23,163.10
2021-09-24,163.14
2021-09-25,163.24
2021-09-26,163.10
2021-09-27,162.99
2021-09-28,162.97
2021-09-29,162.87
2021-09-30,162.68
2021-10-01,162.49
2021-10-02,162.32
2021-10-03,162.07
2021-10-04,161.81
2021-10-05,161.73
2021-10-06,161.75
2021-10-07,161.90
2021-10-08,162.31
2021-10-09,162.69
2021-10-10,163.19
2021-10-11,163.70
2021-10-12,163.56
2021-10-13,163.27
2021-10-14,162.97
2021-10-15,162.72
2021-10-16,162.01
2021-10-17,161.64
2021-10-18,161.23
2021-10-19,161.37
2021-10-20,161.55
2021-10-21,161.70
2021-10-22,161.71
2021-10-23,162.15
2021-10-24,162.27
2021-10-25,162.45
2021-10-26,162.56
2021-10-27,162.64
2021-10-28,162.88
2021-10-29,162.97
2021-10-30,163.13
2021-10-31,163.09
2021-11-01,163.01
2021-11-02,162.94
2021-11-03,162.84
2021-11-04,162.64
2021-11-05,162.71
2021-11-06,162.45
2021-11-07,162.61
2021-11-08,162.59
2021-11-09,162.64
2021-11-10,162.75
2021-11-11,162.86
2021-11-12,162.80
2021-11-13,162.55
2021-11-14,162.33
2021-11-15,162.33
2021-11-16,162.19
2021-11-17,162.25
2021-11-18,162.26
2021-11-19,161.91
2021-11-20,161.55
2021-11-21,161.36
2021-11-22,161.02
2021-11-23,160.67
2021-11-24,160.15
2021-11-25,159.55
2021-11-26,159.45
2021-11-27,159.43
2021-11-28,159.07
2021-11-29,158.96
2021-11-30,158.77
2021-12-01,158.24
2021-12-02,157.67
2021-12-03,157.04
2021-12-04,156.60
2021-12-05,156.22
2021-12-06,155.74
2021-12-07,155.29
2021-12-08,155.08
2021-12-09,154.93
2021-12-10,154.69
2021-12-11,154.07
2021-12-12,153.86
2021-12-13,153.52
2021-12-14,153.19
2021-12-15,152.82
2021-12-16,152.63
2021-12-17,152.44
2021-12-18,152.46
2021-12-19,152.02
2021-12-20,151.72
2021-12-21,151.49
2021-12-22,151.08
2021-12-23,150.61
2021-12-24,150.05
2021-12-25,149.49
2021-12-26,149.00
2021-12-27,148.60
2021-12-28,147.96
2021-12-29,147.38
2021-12-30,146.48
2021-12-31,145.67
2022-01-01,144.80
2022-01-02,143.75
2022-01-03,142.51
2022-01-04,141.62
2022-01-05,140.98
2022-01-06,140.48
2022-01-07,140.36
2022-01-08,140.37
2022-01-09,140.82
2022-01-10,141.20
2022-01-11,141.83
2022-01-12,142.60
2022-01-13,143.66
2022-01-14,144.47
2022-01-15,145.46
2022-01-16,146.24
2022-01-17,147.16
2022-01-18,147.87
2022-01-19,148.35
2022-01-20,148.76
2022-01-21,149.27
2022-01-22,149.43
2022-01-23,149.81
2022-01-24,150.19
2022-01-25,150.61
2022-01-26,151.18
2022-01-27,151.71
2022-01-28,152.27
2022-01-29,153.53
2022-01-30,154.67
2022-01-31,155.79
2022-02-01,156.72
2022-02-02,157.61
2022-02-03,158.48
2022-02-04,159.37
2022-02-05,159.76
2022-02-06,160.13
2022-02-07,160.51
2022-02-08,160.93
2022-02-09,161.53
2022-02-10,162.20
2022-02-11,162.77
2022-02-12,163.48
2022-02-13,164.01
2022-02-14,164.34
2022-02-15,164.28
2022-02-16,164.75
2022-02-17,165.14
2022-02-18,165.53
2022-02-19,165.56
2022-02-20,165.94
2022-02-21,166.60
2022-02-22,167.54
2022-02-23,167.73
2022-02-24,167.91
2022-02-25,167.98
2022-02-26,168.41
2022-02-27,168.41
2022-02-28,168.19
2022-03-01,167.97
2022-03-02,167.88
2022-03-03,167.84
2022-03-04,167.96
2022-03-05,167.88
2022-03-06,168.02
2022-03-07,168.24
2022-03-08,168.86
2022-03-09,169.43
2022-03-10,169.99
2022-03-11,170.39
2022-03-12,171.04
2022-03-13,171.66
2022-03-14,172.17
2022-03-15,172.56
2022-03-16,172.92
2022-03-17,173.31
2022-03-18,173.79
2022-03-19,174.00
2022-03-20,174.21
2022-03-21,174.56
2022-03-22,174.72
2022-03-23,174.99
2022-03-24,175.31
2022-03-25,175.71
2022-03-26,176.25
2022-03-27,176.67
2022-03-28,177.05
2022-03-29,177.37
2022-03-30,177.77
2022-03-31,177.98
2022-04-01,177.95
2022-04-02,177.91
2022-04-03,177.91
2022-04-04,177.76
2022-04-05,177.82
2022-04-06,177.84
2022-04-07,177.80
2022-04-08,177.97
2022-04-09,177.77
2022-04-10,177.60
2022-04-11,177.62
2022-04-12,177.66
2022-04-13,177.51
2022-04-14,177.72
2022-04-15,177.79
2022-04-16,178.09
2022-04-17,178.32
2022-04-18,178.42
2022-04-19,178.49
2022-04-20,178.64
2022-04-21,178.76
2022-04-22,179.05
2022-04-23,179.83
2022-04-24,180.46
2022-04-25,181.16
2022-04-26,181.79
2022-04-27,182.18
2022-04-28,182.84
2022-04-29,183.42
2022-04-30,183.63
2022-05-01,183.85
2022-05-02,183.98
2022-05-03,184.16
2022-05-04,184.62
2022-05-05,184.65
2022-05-06,184.76
2022-05-07,184.77
2022-05-08,185.02
2022-05-09,185.49
2022-05-10,185.91
2022-05-11,186.12
2022-05-12,186.19
2022-05-13,186.19
2022-05-14,186.32
2022-05-15,186.44
2022-05-16,186.30
2022-05-17,186.28
2022-05-18,186.35
2022-05-19,186.47
2022-05-20,186.71
2022-05-21,186.52
2022-05-22,186.54
2022-05-23,186.74
2022-05-24,186.52
2022-05-25,186.12
2022-05-26,185.69
2022-05-27,185.12
2022-05-28,184.83
2022-05-29,184.26
2022-05-30,183.63
2022-05-31,183.32
2022-06-01,183.10
2022-06-02,182.90
2022-06-03,182.72
2022-06-04,182.66
2022-06-05,182.48
2022-06-06,182.37
2022-06-07,182.32
2022-06-08,182.47
2022-06-09,182.64
2022-06-10,182.83
2022-06-11,183.07
2022-06-12,183.16
2022-06-13,183.26
2022-06-14,183.41
2022-06-15,183.34
2022-06-16,183.24
2022-06-17,183.15
2022-06-18,183.03
2022-06-19,183.10
2022-06-20,183.06
2022-06-21,182.67
2022-06-22,182.54
2022-06-23,182.45
2022-06-24,182.33
2022-06-25,182.07
2022-06-26,181.85
2022-06-27,181.75
2022-06-28,181.75
2022-06-29,181.55
2022-06-30,181.16
2022-07-01,180.57
2022-07-02,179.92
2022-07-03,179.06
2022-07-04,178.22
2022-07-05,177.53
2022-07-06,176.79
2022-07-07,176.12
2022-07-08,175.77
2022-07-09,175.43
2022-07-10,175.31
2022-07-11,175.19
2022-07-12,175.02
2022-07-13,174.91
2022-07-14,174.87
2022-07-15,174.79
2022-07-16,174.90
2022-07-17,175.06
2022-07-18,175.08
2022-07-19,175.23
2022-07-20,175.28
2022-07-21,175.28
2022-07-22,175.25
2022-07-23,174.96
2022-07-24,174.98
2022-07-25,174.89
2022-07-26,174.72
2022-07-27,174.69
2022-07-28,174.69
2022-07-29,174.55
2022-07-30,174.69
2022-07-31,174.41
2022-08-01,174.33
2022-08-02,173.94
2022-08-03,173.44
2022-08-04,173.11
2022-08-05,173.02
2022-08-06,172.91
2022-08-07,172.80
2022-08-08,172.68
2022-08-09,172.95
2022-08-10,173.32
2022-08-11,173.68
2022-08-12,173.92
2022-08-13,174.12
2022-08-14,174.53
2022-08-15,174.89
2022-08-16,175.21
2022-08-17,175.44
2022-08-18,175.58
2022-08-19,175.84
2022-08-20,176.11
2022-08-21,176.28
2022-08-22,176.44
2022-08-23,176.51
2022-08-24,176.77
2022-08-25,176.94
2022-08-26,176.95
2022-08-27,177.00
2022-08-28,176.98
2022-08-29,176.88
2022-08-30,176.84
2022-08-31,176.75
2022-09-01,176.69
2022-09-02,176.57
2022-09-03,176.57
2022-09-04,176.59
2022-09-05,176.68
2022-09-06,176.50
2022-09-07,176.04
2022-09-08,175.43
2022-09-09,175.25
2022-09-10,175.13
2022-09-11,174.74
2022-09-12,174.51
2022-09-13,174.62
2022-09-14,174.92
2022-09-15,175.48
2022-09-16,175.78
2022-09-17,175.89
2022-09-18,176.21
2022-09-19,176.35
2022-09-20,176.34
2022-09-21,176.33
2022-09-22,176.31
2022-09-23,176.26
2022-09-24,176.28
2022-09-25,176.34
2022-09-26,176.46
2022-09-27,176.73
2022-09-28,176.82
2022-09-29,176.79
2022-09-30,176.44
2022-10-01,175.91
2022-10-02,175.39
2022-10-03,174.89
2022-10-04,174.27
2022-10-05,173.99
2022-10-06,173.58
2022-10-07,173.46
2022-10-08,173.61
2022-10-09,173.80
2022-10-10,173.96
2022-10-11,173.84
2022-10-12,173.62
2022-10-13,173.53
2022-10-14,173.34
2022-10-15,173.08
2022-10-16,172.97
2022-10-17,172.79
2022-10-18,172.89
2022-10-19,172.82
2022-10-20,172.83
2022-10-21,172.88
2022-10-22,172.49
2022-10-23,172.39
2022-10-24,172.46
2022-10-25,172.42
2022-10-26,172.70
2022-10-27,172.94
2022-10-28,173.00
2022-10-29,173.38
2022-10-30,173.37
2022-10-31,173.20
2022-11-01,172.75
2022-11-02,172.01
2022-11-03,171.13
2022-11-04,170.59
2022-11-05,170.20
2022-11-06,169.74
2022-11-07,169.34
2022-11-08,169.42
2022-11-09,169.53
2022-11-10,169.71
2022-11-11,169.80
2022-11-12,169.71
2022-11-13,169.63
2022-11-14,169.56
2022-11-15,169.28
2022-11-16,168.81
2022-11-17,168.22
2022-11-18,167.53
2022-11-19,166.74
2022-11-20,166.12
2022-11-21,165.51
2022-11-22,164.94
2022-11-23,164.80
2022-11-24,164.82
2022-11-25,164.85
2022-11-26,164.91
2022-11-27,164.93
2022-11-28,164.82
2022-11-29,164.67
2022-11-30,164.19
2022-12-01,163.44
2022-12-02,162.57
2022-12-03,161.83
2022-12-04,160.99
2022-12-05,160.33
2022-12-06,159.69
2022-12-07,159.13
2022-12-08,158.81
2022-12-09,158.71
2022-12-10,158.48
2022-12-11,158.30
2022-12-12,158.19
2022-12-13,158.22
2022-12-14,158.12
2022-12-15,157.91
2022-12-16,157.51
2022-12-17,157.10
2022-12-18,156.76
2022-12-19,156.39
2022-12-20,155.72
2022-12-21,155.13
2022-12-22,154.65
2022-12-23,154.19
2022-12-24,153.89
2022-12-25,153.48
2022-12-26,153.02
2022-12-27,152.73
2022-12-28,152.33
2022-12-29,151.78
2022-12-30,151.20
2022-12-31,150.56
2023-01-01,149.70
2023-01-02,148.92
2023-01-03,148.20
2023-01-04,147.60
2023-01-05,147.30
2023-01-06,147.23
2023-01-07,147.33
2023-01-08,147.72
2023-01-09,148.04
2023-01-10,148.47
2023-01-11,149.04
2023-01-12,149.69
2023-01-13,150.19
2023-01-14,150.44
2023-01-15,150.90
2023-01-16,151.30
2023-01-17,151.56
2023-01-18,151.69
2023-01-19,151.70
2023-01-20,151.76
2023-01-21,151.89
2023-01-22,151.92
2023-01-23,151.80
2023-01-24,151.92
2023-01-25,152.14
2023-01-26,152.26
2023-01-27,152.46
2023-01-28,152.71
2023-01-29,152.85
2023-01-30,153.21
2023-01-31,153.34
2023-02-01,153.29
2023-02-02,153.32
2023-02-03,153.32
2023-02-04,153.39
2023-02-05,153.41
2023-02-06,153.45
2023-02-07,153.44
2023-02-08,153.34
2023-02-09,153.40
2023-02-10,153.38
2023-02-11,153.37
2023-02-12,153.25
2023-02-13,153.09
2023-02-14,152.92
2023-02-15,152.97
2023-02-16,152.72
2023-02-17,152.45
2023-02-18,151.66
2023-02-19,151.44
2023-02-20,151.15
2023-02-21,150.84
2023-02-22,150.53
2023-02-23,150.54
2023-02-24,150.24
2023-02-25,150.55
2023-02-26,150.28
2023-02-27,150.04
2023-02-28,149.88
2023-03-01,149.46
2023-03-02,148.78
2023-03-03,148.38
2023-03-04,147.62
2023-03-05,147.16
2023-03-06,146.67
2023-03-07,146.18
2023-03-08,145.92
2023-03-09,145.66
2023-03-10,146.40
2023-03-11,147.32
2023-03-12,148.09
2023-03-13,148.94
2023-03-14,149.80
2023-03-15,150.69
2023-03-16,151.66
2023-03-17,151.73
2023-03-18,151.92
2023-03-19,152.02
2023-03-20,152.09
2023-03-21,151.93
2023-03-22,151.83
2023-03-23,151.65
2023-03-24,151.48
2023-03-25,151.28
2023-03-26,151.12
2023-03-27,150.95
2023-03-28,150.96
2023-03-29,150.99
2023-03-30,151.02
2023-03-31,150.55
2023-04-01,149.91
2023-04-02,149.25
2023-04-03,148.53
2023-04-04,148.01
2023-04-05,147.48
2023-04-06,147.02
2023-04-07,147.03
2023-04-08,147.13
2023-04-09,147.21
2023-04-10,147.37
2023-04-11,147.24
2023-04-12,147.08
2023-04-13,146.86
2023-04-14,146.97
2023-04-15,146.59
2023-04-16,146.64
2023-04-17,146.63
2023-04-18,146.81
2023-04-19,147.08
2023-04-20,147.34
2023-04-21,147.31
2023-04-22,147.90
2023-04-23,148.08
2023-04-24,148.36
2023-04-25,148.65
2023-04-26,148.86
2023-04-27,149.08
2023-04-28,149.20
2023-04-29,149.22
2023-04-30,149.13
2023-05-01,148.87
2023-05-02,148.60
2023-05-03,148.23
2023-05-04,147.43
2023-05-05,147.23
2023-05-06,147.05
2023-05-07,146.90
2023-05-08,146.87
2023-05-09,146.93
2023-05-10,147.18
2023-05-11,147.77
2023-05-12,147.19
2023-05-13,147.12
2023-05-14,147.17
2023-05-15,147.20
2023-05-16,146.96
2023-05-17,146.70
2023-05-18,146.45
2023-05-19,146.79
2023-05-20,146.51
2023-05-21,146.35
2023-05-22,146.23
2023-05-23,146.03
2023-05-24,145.72
2023-05-25,145.52
2023-05-26,145.25
2023-05-27,145.26
2023-05-28,144.95
2023-05-29,144.69
2023-05-30,144.54
2023-05-31,144.42
2023-06-01,144.12
2023-06-02,143.87
2023-06-03,143.41
2023-06-04,142.97
2023-06-05,142.67
2023-06-06,142.54
2023-06-07,142.35
2023-06-08,142.37
2023-06-09,142.39
2023-06-10,142.47
2023-06-11,142.69
2023-06-12,142.68
2023-06-13,142.62
2023-06-14,142.63
2023-06-15,142.55
2023-06-16,142.41
2023-06-17,142.29
2023-06-18,142.13
2023-06-19,142.09
2023-06-20,141.94
2023-06-21,141.63
2023-06-22,141.36
2023-06-23,141.11
2023-06-24,141.02
2023-06-25,140.87
2023-06-26,140.66
2023-06-27,140.42
2023-06-28,140.18
2023-06-29,140.14
2023-06-30,140.01
2023-07-01,139.59
2023-07-02,139.09
2023-07-03,138.51
2023-07-04,137.98
2023-07-05,137.62
2023-07-06,136.75
2023-07-07,136.01
2023-07-08,135.59
2023-07-09,135.23
2023-07-10,134.99
2023-07-11,134.85
2023-07-12,134.73
2023-07-13,134.90
2023-07-14,135.09
2023-07-15,135.13
2023-07-16,135.15
2023-07-17,135.24
2023-07-18,135.30
2023-07-19,135.30
2023-07-20,135.28
2023-07-21,135.28
2023-07-22,134.97
2023-07-23,135.09
2023-07-24,135.18
2023-07-25,135.27
2023-07-26,135.26
2023-07-27,135.30
2023-07-28,135.27
2023-07-29,135.63
2023-07-30,135.64
2023-07-31,135.56
2023-08-01,135.38
2023-08-02,135.01
2023-08-03,134.60
2023-08-04,134.46
2023-08-05,134.31
2023-08-06,134.13
2023-08-07,133.98
2023-08-08,133.64
2023-08-09,133.60
2023-08-10,133.60
2023-08-11,133.32
2023-08-12,132.95
2023-08-13,132.68
2023-08-14,132.52
2023-08-15,132.67
2023-08-16,132.90
2023-08-17,133.10
2023-08-18,133.36
2023-08-19,133.69
2023-08-20,133.97
2023-08-21,134.18
2023-08-22,134.40
2023-08-23,134.65
2023-08-24,134.95
2023-08-25,135.24
2023-08-26,135.48
2023-08-27,135.67
2023-08-28,135.86
2023-08-29,135.99
2023-08-30,136.07
2023-08-31,136.00
2023-09-01,135.64
2023-09-02,135.36
2023-09-03,135.05
2023-09-04,134.75
2023-09-05,134.37
2023-09-06,133.90
2023-09-07,133.63
2023-09-08,133.68
2023-09-09,133.84
2023-09-10,133.96
2023-09-11,134.08
2023-09-12,134.17
2023-09-13,134.39
2023-09-14,134.44
2023-09-15,134.37
2023-09-16,134.13
2023-09-17,133.98
2023-09-18,133.76
2023-09-19,133.75
2023-09-20,133.63
2023-09-21,133.60
2023-09-22,133.57
2023-09-23,133.53
2023-09-24,133.48
2023-09-25,133.49
2023-09-26,133.20
2023-09-27,132.87
2023-09-28,132.49
2023-09-29,132.13
2023-09-30,131.58
2023-10-01,131.04
2023-10-02,130.41
2023-10-03,130.28
2023-10-04,130.17
2023-10-05,130.10
2023-10-06,130.08
2023-10-07,130.27
2023-10-08,130.40
2023-10-09,130.58
2023-10-10,130.28
2023-10-11,129.98
2023-10-12,129.69
2023-10-13,129.37
2023-10-14,129.04
2023-10-15,128.67
2023-10-16,128.18
2023-10-17,128.01
2023-10-18,127.85
2023-10-19,127.56
2023-10-20,127.22
2023-10-21,126.46
2023-10-22,126.15
2023-10-23,125.95
2023-10-24,125.70
2023-10-25,125.57
2023-10-26,125.48
2023-10-27,125.41
2023-10-28,125.74
2023-10-29,125.67
2023-10-30,125.66
2023-10-31,125.48
2023-11-01,125.10
2023-11-02,124.75
2023-11-03,124.31
2023-11-04,123.99
2023-11-05,123.69
2023-11-06,123.32
2023-11-07,123.07
2023-11-08,122.79
2023-11-09,122.47
2023-11-10,122.21
2023-11-11,121.84
2023-11-12,121.43
2023-11-13,121.00
2023-11-14,120.45
2023-11-15,120.01
2023-11-16,119.59
2023-11-17,119.17
2023-11-18,118.64
2023-11-19,118.21
2023-11-20,117.80
2023-11-21,117.59
2023-11-22,117.35
2023-11-23,117.09
2023-11-24,116.85
2023-11-25,116.70
2023-11-26,116.44
2023-11-27,116.22
2023-11-28,115.88
2023-11-29,115.55
2023-11-30,115.17
2023-12-01,114.67
2023-12-02,113.99
2023-12-03,113.48
2023-12-04,113.00
2023-12-05,112.52
2023-12-06,112.05
2023-12-07,111.63
2023-12-08,111.40
2023-12-09,111.26
2023-12-10,111.10
2023-12-11,110.94
2023-12-12,110.72
2023-12-13,110.54
2023-12-14,110.32
2023-12-15,109.99
2023-12-16,109.77
2023-12-17,109.44
2023-12-18,109.13
2023-12-19,108.88
2023-12-20,108.59
2023-12-21,108.26
2023-12-22,107.94
2023-12-23,107.55
2023-12-24,107.18
2023-12-25,106.81
2023-12-26,106.36
2023-12-27,105.80
2023-12-28,105.27
2023-12-29,104.78
2023-12-30,104.23
2023-12-31,103.66
2024-01-01,103.00
2024-01-02,102.33
2024-01-03,101.88
2024-01-04,101.63
2024-01-05,101.55
2024-01-06,101.75
2024-01-07,101.98
2024-01-08,102.27
2024-01-09,102.87
2024-01-10,103.54
2024-01-11,104.21
2024-01-12,104.82
2024-01-13,105.19
2024-01-14,105.77
2024-01-15,106.39
2024-01-16,106.90
2024-01-17,107.40
2024-01-18,107.88
2024-01-19,108.35
2024-01-20,108.87
2024-01-21,109.32
2024-01-22,109.65
2024-01-23,110.00
2024-01-24,110.33
2024-01-25,110.62
2024-01-26,110.89
2024-01-27,111.20
2024-01-28,111.29
2024-01-29,111.61
2024-01-30,111.85
2024-01-31,111.99
2024-02-01,111.93
2024-02-02,111.87
2024-02-03,111.91
2024-02-04,112.03
2024-02-05,111.97
2024-02-06,112.01
2024-02-07,112.05
2024-02-08,112.34
2024-02-09,112.51
2024-02-10,112.63
2024-02-11,112.74
2024-02-12,112.83
2024-02-13,112.80
2024-02-14,112.77
2024-02-15,112.71
2024-02-16,112.80
2024-02-17,112.41
2024-02-18,112.51
2024-02-19,112.55
2024-02-20,112.57
2024-02-21,112.49
2024-02-22,112.41
2024-02-23,112.28
2024-02-24,112.62
2024-02-25,112.50
2024-02-26,112.44
2024-02-27,112.41
2024-02-28,112.53
2024-02-29,112.51
2024-03-01,112.42
2024-03-02,112.08
2024-03-03,111.95
2024-03-04,111.85
2024-03-05,111.80
2024-03-06,111.82
2024-03-07,112.00
2024-03-08,112.28
2024-03-09,112.89
2024-03-10,113.32
2024-03-11,113.69
2024-03-12,114.03
2024-03-13,114.30
2024-03-14,114.47
2024-03-15,114.67
2024-03-16,114.65
2024-03-17,114.71
2024-03-18,114.84
2024-03-19,114.97
2024-03-20,115.09
2024-03-21,115.25
2024-03-22,115.37
2024-03-23,115.64
2024-03-24,115.78
2024-03-25,115.91
2024-03-26,115.99
2024-03-27,116.02
2024-03-28,115.96
2024-03-29,115.92
2024-03-30,115.74
2024-03-31,115.50
2024-04-01,115.16
2024-04-02,114.73
2024-04-03,114.29
2024-04-04,113.91
2024-04-05,113.49
2024-04-06,113.36
2024-04-07,113.35
2024-04-08,113.44
2024-04-09,113.70
2024-04-10,114.04
2024-04-11,114.48
2024-04-12,114.87
2024-04-13,115.11
2024-04-14,115.41
2024-04-15,115.69
2024-04-16,115.99
2024-04-17,116.22
2024-04-18,116.34
2024-04-19,116.45
2024-04-20,116.24
2024-04-21,116.29
2024-04-22,116.31
2024-04-23,116.24
2024-04-24,116.12
2024-04-25,116.08
2024-04-26,115.98
2024-04-27,116.30
2024-04-28,116.26
2024-04-29,116.21
2024-04-30,116.04
2024-05-01,115.79
2024-05-02,115.30
2024-05-03,114.92
2024-05-04,114.49
2024-05-05,113.95
2024-05-06,113.58
2024-05-07,113.34
2024-05-08,113.18
2024-05-09,113.15
2024-05-10,113.12
2024-05-11,113.00
2024-05-12,113.00
2024-05-13,112.83
2024-05-14,112.63
2024-05-15,112.57
2024-05-16,112.61
2024-05-17,112.49
2024-05-18,112.07
2024-05-19,111.49
2024-05-20,110.94
2024-05-21,110.32
2024-05-22,110.16
2024-05-23,109.96
2024-05-24,109.89
2024-05-25,110.05
2024-05-26,110.38
2024-05-27,110.73
2024-05-28,111.26
2024-05-29,111.16
2024-05-30,110.94
2024-05-31,110.70
2024-06-01,110.53
2024-06-02,110.26
2024-06-03,110.02
2024-06-04,109.83
2024-06-05,109.44
2024-06-06,109.35
2024-06-07,109.32
2024-06-08,109.43
2024-06-09,109.60
2024-06-10,109.73
2024-06-11,109.69
2024-06-12,109.98
2024-06-13,110.05
2024-06-14,110.09
2024-06-15,109.74
2024-06-16,109.61
2024-06-17,109.46
2024-06-18,109.33
2024-06-19,109.05
2024-06-20,108.81
2024-06-21,108.61
2024-06-22,108.55
2024-06-23,108.38
2024-06-24,108.23
2024-06-25,108.09
2024-06-26,107.98
2024-06-27,107.77
2024-06-28,107.50
2024-06-29,107.31
2024-06-30,106.93
2024-07-01,106.49
2024-07-02,105.92
2024-07-03,105.37
2024-07-04,104.93
2024-07-05,104.55
2024-07-06,104.08
2024-07-07,103.81
2024-07-08,103.61
2024-07-09,103.68
2024-07-10,103.74
2024-07-11,103.77
2024-07-12,103.57
2024-07-13,103.42
2024-07-14,103.26
2024-07-15,103.10
2024-07-16,102.88
2024-07-17,102.65
2024-07-18,102.46
2024-07-19,102.38
2024-07-20,101.86
2024-07-21,101.79
2024-07-22,101.70
2024-07-23,101.60
2024-07-24,101.53
2024-07-25,101.38
2024-07-26,101.35
2024-07-27,101.90
2024-07-28,101.95
2024-07-29,102.02
2024-07-30,102.13
2024-07-31,102.22
2024-08-01,102.26
2024-08-02,102.25
2024-08-03,102.22
2024-08-04,102.11
2024-08-05,102.00
2024-08-06,101.69
2024-08-07,101.57
2024-08-08,101.66
2024-08-09,101.72
2024-08-10,101.79
2024-08-11,101.97
2024-08-12,102.15
2024-08-13,102.56
2024-08-14,102.84
2024-08-15,103.04
2024-08-16,103.25
2024-08-17,103.46
2024-08-18,103.57
2024-08-19,103.68
2024-08-20,103.79
2024-08-21,103.91
2024-08-22,104.04
2024-08-23,104.17
2024-08-24,104.25
2024-08-25,104.33
2024-08-26,104.43
2024-08-27,104.51
2024-08-28,104.59
2024-08-29,104.59
2024-08-30,104.50
2024-08-31,104.41
2024-09-01,104.25
2024-09-02,104.10
2024-09-03,103.69
2024-09-04,103.26
2024-09-05,102.89
2024-09-06,102.56
2024-09-07,102.37
2024-09-08,102.29
2024-09-09,102.21
2024-09-10,102.40
2024-09-11,102.64
2024-09-12,102.81
2024-09-13,103.02
2024-09-14,103.20
2024-09-15,103.33
2024-09-16,103.44
2024-09-17,103.48
2024-09-18,103.52
2024-09-19,103.59
2024-09-20,103.60
2024-09-21,103.53
2024-09-22,103.46
2024-09-23,103.41
2024-09-24,103.36
2024-09-25,103.25
2024-09-26,103.13
2024-09-27,103.02
2024-09-28,102.70
2024-09-29,102.61
2024-09-30,102.45
2024-10-01,102.04
2024-10-02,101.64
2024-10-03,101.27
2024-10-04,101.00
2024-10-05,100.94
2024-10-06,100.74
2024-10-07,100.49
2024-10-08,100.69
2024-10-09,100.98
2024-10-10,101.33
2024-10-11,101.72
2024-10-12,102.07
2024-10-13,102.41
2024-10-14,102.78
2024-10-15,102.98
2024-10-16,103.03
2024-10-17,103.01
2024-10-18,102.92
2024-10-19,102.83
2024-10-20,102.81
2024-10-21,102.84
2024-10-22,102.84
2024-10-23,102.96
2024-10-24,103.18
2024-10-25,103.39
2024-10-26,103.66
2024-10-27,103.80
2024-10-28,103.93
2024-10-29,104.12
2024-10-30,104.19
2024-10-31,104.52
2024-11-01,104.60
2024-11-02,104.70
2024-11-03,104.82
2024-11-04,104.96
2024-11-05,105.03
2024-11-06,105.18
2024-11-07,104.84
2024-11-08,104.80
2024-11-09,104.60
2024-11-10,104.45
2024-11-11,104.31
2024-11-12,104.12
2024-11-13,103.87
2024-11-14,103.76
2024-11-15,103.62
2024-11-16,103.48
2024-11-17,103.32
2024-11-18,103.18
2024-11-19,103.16
2024-11-20,103.11
2024-11-21,103.06
2024-11-22,103.04
2024-11-23,103.14
2024-11-24,103.18
2024-11-25,103.25
2024-11-26,103.26
2024-11-27,103.33
2024-11-28,103.39
2024-11-29,103.39
2024-11-30,103.30
2024-12-01,103.13
2024-12-02,102.94
2024-12-03,102.71
2024-12-04,102.47
2024-12-05,102.20
2024-12-06,101.96
2024-12-07,101.82
2024-12-08,101.66
2024-12-09,101.63
2024-12-10,101.60
2024-12-11,101.53
2024-12-12,101.36
2024-12-13,101.18
2024-12-14,100.67
2024-12-15,100.44
2024-12-16,100.11
2024-12-17,99.74
2024-12-18,99.41
2024-12-19,99.14
2024-12-20,98.86
2024-12-21,99.04
2024-12-22,99.05
2024-12-23,99.06
2024-12-24,99.01
2024-12-25,98.87
2024-12-26,98.63
2024-12-27,98.34
2024-12-28,97.84
2024-12-29,97.28
2024-12-30,96.76
2024-12-31,96.22
2025-01-01,95.66
2025-01-02,95.16
2025-01-03,94.80
2025-01-04,94.58
2025-01-05,94.39
2025-01-06,94.17
2025-01-07,94.20
2025-01-08,94.47
2025-01-09,95.16
2025-01-10,95.88
2025-01-11,96.57
2025-01-12,97.37
2025-01-13,98.17
2025-01-14,98.85
2025-01-15,99.61
2025-01-16,100.18
2025-01-17,100.74
2025-01-18,101.18
2025-01-19,101.56
2025-01-20,101.88
2025-01-21,102.36
2025-01-22,102.76
2025-01-23,103.15
2025-01-24,103.51
2025-01-25,104.02
2025-01-26,104.53
2025-01-27,105.08
2025-01-28,105.42
2025-01-29,105.73
2025-01-30,106.00
2025-01-31,106.18
2025-02-01,106.28
2025-02-02,106.33
2025-02-03,106.35
2025-02-04,106.38
2025-02-05,106.43
2025-02-06,106.52
2025-02-07,106.57
2025-02-08,106.54
2025-02-09,106.59
2025-02-10,106.66
2025-02-11,106.75
2025-02-12,106.78
2025-02-13,106.70
2025-02-14,106.68
2025-02-15,106.44
2025-02-16,106.44
2025-02-17,106.42
2025-02-18,106.27
2025-02-19,106.04
2025-02-20,105.81
2025-02-21,105.56
2025-02-22,105.74
2025-02-23,105.55
2025-02-24,105.38
2025-02-25,105.31
2025-02-26,105.39
2025-02-27,105.46
2025-02-28,105.54
2025-03-01,105.40
2025-03-02,105.29
2025-03-03,105.20
2025-03-04,105.16
2025-03-05,105.08
2025-03-06,105.06
2025-03-07,105.05
2025-03-08,105.14
2025-03-09,105.22
2025-03-10,105.30
2025-03-11,105.21
2025-03-12,105.23
2025-03-13,105.21
2025-03-14,105.24
2025-03-15,105.33
2025-03-16,105.40
2025-03-17,105.46
2025-03-18,105.64
2025-03-19,105.77
2025-03-20,105.84
2025-03-21,105.97
2025-03-22,106.13
2025-03-23,106.26
2025-03-24,106.41
2025-03-25,106.58
2025-03-26,106.74
2025-03-27,106.96
2025-03-28,107.07
2025-03-29,107.07
2025-03-30,107.12
2025-03-31,107.10
2025-04-01,106.98
2025-04-02,106.78
2025-04-03,106.61
2025-04-04,106.52
2025-04-05,106.49
2025-04-06,106.41
2025-04-07,106.39
2025-04-08,106.45
2025-04-09,106.55
2025-04-10,106.54
2025-04-11,106.40
2025-04-12,106.40
2025-04-13,106.42
2025-04-14,106.42
2025-04-15,106.44
2025-04-16,106.41
2025-04-17,106.42
2025-04-18,106.60
2025-04-19,106.40
2025-04-20,106.31
2025-04-21,106.24
2025-04-22,106.13
2025-04-23,106.00
2025-04-24,105.90
2025-04-25,105.80
2025-04-26,105.89
2025-04-27,105.90
2025-04-28,105.95
2025-04-29,106.08
2025-04-30,106.23
2025-05-01,106.14
2025-05-02,106.25
2025-05-03,106.51
2025-05-04,106.76
2025-05-05,106.55
2025-05-06,106.81
2025-05-07,107.10
2025-05-08,107.59
2025-05-09,107.89
2025-05-10,108.13
2025-05-11,108.29
2025-05-12,108.81
2025-05-13,109.06
2025-05-14,109.27
2025-05-15,109.51
2025-05-16,109.66
2025-05-17,109.44
2025-05-18,109.60
2025-05-19,109.85
2025-05-20,109.73
2025-05-21,109.48
2025-05-22,109.31
2025-05-23,109.15
2025-05-24,109.35
2025-05-25,109.19
2025-05-26,108.87
2025-05-27,108.63
2025-05-28,108.54
2025-05-29,108.40
2025-05-30,108.21
2025-05-31,107.97
2025-06-01,107.65
2025-06-02,107.44
2025-06-03,107.32
2025-06-04,107.24
2025-06-05,107.22
2025-06-06,107.17
2025-06-07,107.29
2025-06-08,107.49
2025-06-09,107.71
2025-06-10,107.89
2025-06-11,108.05
2025-06-12,108.05
2025-06-13,108.30
2025-06-14,108.31
2025-06-15,108.43
2025-06-16,108.54
2025-06-17,108.63
2025-06-18,108.74
2025-06-19,108.95
2025-06-20,108.93
2025-06-21,109.07
2025-06-22,108.98
2025-06-23,108.97
2025-06-24,108.98
2025-06-25,108.92
2025-06-26,108.86
2025-06-27,108.78
2025-06-28,108.65
2025-06-29,108.63
2025-06-30,108.49
2025-07-01,108.16
2025-07-02,107.73
2025-07-03,107.28
2025-07-04,106.85
2025-07-05,106.48
2025-07-06,106.04
2025-07-07,105.72
2025-07-08,105.50
2025-07-09,105.56
2025-07-10,105.65
2025-07-11,105.69
2025-07-12,105.67
2025-07-13,105.62
2025-07-14,105.56
2025-07-15,105.66
2025-07-16,105.76
2025-07-17,105.82
2025-07-18,105.93
2025-07-19,105.84
2025-07-20,106.09
2025-07-21,106.27
2025-07-22,106.36
2025-07-23,106.36
2025-07-24,106.39
2025-07-25,106.45
2025-07-26,106.75
2025-07-27,106.72
2025-07-28,106.82
2025-07-29,106.87
2025-07-30,106.97
2025-07-31,107.00
2025-08-01,106.96
2025-08-02,106.93
2025-08-03,106.95
2025-08-04,106.94
2025-08-05,106.89
2025-08-06,106.72
2025-08-07,106.66
2025-08-08,106.70
2025-08-09,106.63
2025-08-10,106.74
2025-08-11,106.82
2025-08-12,107.03
2025-08-13,107.23
2025-08-14,107.51
2025-08-15,107.66
2025-08-16,107.92
2025-08-17,107.96
2025-08-18,107.98
2025-08-19,107.98
2025-08-20,108.11
2025-08-21,108.19
2025-08-22,108.38
2025-08-23,108.50
2025-08-24,108.69
2025-08-25,108.93
2025-08-26,109.16
2025-08-27,109.16
2025-08-28,109.15
2025-08-29,109.01
2025-08-30,108.86
2025-08-31,108.65
2025-09-01,108.32
2025-09-02,107.89
2025-09-03,107.55
2025-09-04,107.17
2025-09-05,107.02
2025-09-06,106.96
2025-09-07,106.95
2025-09-08,106.97
2025-09-09,107.14
2025-09-10,107.54
2025-09-11,107.99
2025-09-12,108.36
2025-09-13,108.49
2025-09-14,108.68
2025-09-15,108.88
2025-09-16,109.22
2025-09-17,109.38
2025-09-18,109.43
2025-09-19,109.52
2025-09-20,109.90
2025-09-21,110.20
2025-09-22,110.50
2025-09-23,110.59
2025-09-24,110.81
2025-09-25,111.07
2025-09-26,111.33
2025-09-27,111.40
2025-09-28,111.49
2025-09-29,111.60
2025-09-30,111.59
2025-10-01,111.35
2025-10-02,111.14
2025-10-03,110.89
2025-10-04,110.66
2025-10-05,110.46
2025-10-06,110.27
2025-10-07,110.19
2025-10-08,110.21
2025-10-09,110.22
2025-10-10,110.15
2025-10-11,110.20
2025-10-12,110.21
2025-10-13,110.21
2025-10-14,109.92
2025-10-15,109.69
2025-10-16,109.27
2025-10-17,109.10
2025-10-18,108.73
2025-10-19,108.47
2025-10-20,108.26
2025-10-21,108.02
2025-10-22,108.04
2025-10-23,108.12
2025-10-24,108.13
2025-10-25,108.22
2025-10-26,108.23
2025-10-27,108.23
2025-10-28,108.56
2025-10-29,108.55
2025-10-30,108.60
2025-10-31,108.42
2025-11-01,107.94
2025-11-02,107.74
2025-11-03,107.54
2025-11-04,107.19
2025-11-05,106.99
2025-11-06,106.91
2025-11-07,107.07
2025-11-08,107.47
2025-11-09,107.65
2025-11-10,107.85
2025-11-11,108.24
2025-11-12,108.61
2025-11-13,108.95
2025-11-14,109.07
2025-11-15,109.39
2025-11-16,109.43
2025-11-17,109.51
2025-11-18,109.36
2025-11-19,108.94
2025-11-20,108.63
2025-11-21,108.34
2025-11-22,107.94
2025-11-23,107.56
2025-11-24,107.16
2025-11-25,106.96
2025-11-26,106.91
2025-11-27,106.66
2025-11-28,106.40
2025-11-29,106.17
2025-11-30,105.95
2025-12-01,105.70
2025-12-02,105.32
2025-12-03,104.94
2025-12-04,104.59
2025-12-05,104.27
2025-12-06,103.93
2025-12-07,103.61
2025-12-08,103.37
2025-12-09,103.20
2025-12-10,103.02
2025-12-11,102.91
2025-12-12,102.77
2025-12-13,102.63
2025-12-14,102.50
2025-12-15,102.34
2025-12-16,102.12
2025-12-17,101.94
2025-12-18,101.62
2025-12-19,101.31
2025-12-20,101.02
2025-12-21,100.69
2025-12-22,100.37
2025-12-23,100.08
2025-12-24,99.69
2025-12-25,99.26
2025-12-26,98.74
2025-12-27,98.16
2025-12-28,97.61
2025-12-29,97.13
2025-12-30,96.63
2025-12-31,96.11
2026-01-01,95.48
2026-01-02,94.88
2026-01-03,94.34
2026-01-04,93.83
2026-01-05,93.36
2026-01-06,93.15
2026-01-07,93.29
2026-01-08,93.81
2026-01-09,94.64
2026-01-10,95.70
2026-01-11,96.75
2026-01-12,97.65
2026-01-13,98.57
2026-01-14,99.46
2026-01-15,100.18
2026-01-16,100.85
2026-01-17,101.38
2026-01-18,101.89
2026-01-19,102.41
2026-01-20,102.77
2026-01-21,102.98
2026-01-22,103.28
2026-01-23,103.55
2026-01-24,103.84
2026-01-25,104.12
2026-01-26,104.40
2026-01-27,104.67
2026-01-28,104.84
2026-01-29,104.93
2026-01-30,105.09
2026-01-31,105.16
2026-02-01,105.19
2026-02-02,105.22
2026-02-03,105.31
2026-02-04,105.40
2026-02-05,105.57
2026-02-06,105.70
2026-02-07,105.84
2026-02-08,106.00
2026-02-09,106.20
2026-02-10,106.36
2026-02-11,106.57
2026-02-12,106.52
2026-02-13,106.57
2026-02-14,106.64
2026-02-15,106.73
2026-02-16,106.81
2026-02-17,106.77
2026-02-18,106.66
2026-02-19,106.69
2026-02-20,106.50
2026-02-21,106.31
2026-02-22,106.09
2026-02-23,105.82
2026-02-24,105.71
2026-02-25,105.68
2026-02-26,105.55
2026-02-27,105.57
2026-02-28,105.41
2026-03-01,105.20
2026-03-02,105.01
2026-03-03,104.82
2026-03-04,104.74
2026-03-05,104.89
2026-03-06,104.91
2026-03-07,105.05
2026-03-08,105.27
2026-03-09,105.50
2026-03-10,105.72
2026-03-11,105.52
2026-03-12,105.29
2026-03-13,105.18
2026-03-14,105.11
2026-03-15,104.96
2026-03-16,104.88
2026-03-17,104.49
2026-03-18,104.52
2026-03-19,104.45
2026-03-20,104.31
2026-03-21,104.14
2026-03-22,104.02
2026-03-23,103.85
2026-03-24,103.96
2026-03-25,103.87
2026-03-26,103.71
2026-03-27,103.60
