observation_date,IHLIDXNSAIE
2021-03-27,93.02
2021-03-28,93.49
2021-03-29,94.06
2021-03-30,94.52
2021-03-31,94.75
2021-04-01,94.89
2021-04-02,95.04
2021-04-03,94.97
2021-04-04,95.06
2021-04-05,95.30
2021-04-06,95.30
2021-04-07,95.22
2021-04-08,95.23
2021-04-09,95.30
2021-04-10,95.37
2021-04-11,95.45
2021-04-12,95.48
2021-04-13,95.82
2021-04-14,96.42
2021-04-15,97.10
2021-04-16,97.81
2021-04-17,98.77
2021-04-18,99.68
2021-04-19,100.53
2021-04-20,101.49
2021-04-21,102.46
2021-04-22,103.39
2021-04-23,104.30
2021-04-24,105.18
2021-04-25,106.05
2021-04-26,106.89
2021-04-27,107.67
2021-04-28,108.32
2021-04-29,109.02
2021-04-30,109.68
2021-05-01,110.17
2021-05-02,110.55
2021-05-03,110.96
2021-05-04,111.15
2021-05-05,111.54
2021-05-06,111.89
2021-05-07,112.33
2021-05-08,112.98
2021-05-09,113.81
2021-05-10,114.63
2021-05-11,115.72
2021-05-12,116.66
2021-05-13,117.49
2021-05-14,118.23
2021-05-15,118.77
2021-05-16,119.11
2021-05-17,119.40
2021-05-18,119.60
2021-05-19,119.80
2021-05-20,120.25
2021-05-21,120.63
2021-05-22,120.63
2021-05-23,121.06
2021-05-24,121.46
2021-05-25,121.80
2021-05-26,122.05
2021-05-27,122.05
2021-05-28,122.04
2021-05-29,122.41
2021-05-30,122.50
2021-05-31,122.47
2021-06-01,122.48
2021-06-02,122.63
2021-06-03,122.76
2021-06-04,123.15
2021-06-05,123.50
2021-06-06,123.84
2021-06-07,124.36
2021-06-08,124.69
2021-06-09,125.05
2021-06-10,125.45
2021-06-11,125.83
2021-06-12,126.03
2021-06-13,126.45
2021-06-14,126.86
2021-06-15,127.59
2021-06-16,128.41
2021-06-17,129.33
2021-06-18,130.09
2021-06-19,131.14
2021-06-20,131.91
2021-06-21,132.65
2021-06-22,133.12
2021-06-23,133.60
2021-06-24,133.85
2021-06-25,134.03
2021-06-26,134.46
2021-06-27,134.62
2021-06-28,135.11
2021-06-29,135.68
2021-06-30,135.94
2021-07-01,136.21
2021-07-02,136.45
2021-07-03,136.34
2021-07-04,136.61
2021-07-05,136.54
2021-07-06,136.50
2021-07-07,136.70
2021-07-08,137.01
2021-07-09,137.22
2021-07-10,137.48
2021-07-11,137.66
2021-07-12,137.85
2021-07-13,137.96
2021-07-14,138.05
2021-07-15,138.11
2021-07-16,138.58
2021-07-17,138.94
2021-07-18,139.49
2021-07-19,140.08
2021-07-20,140.84
2021-07-21,141.45
2021-07-22,142.20
2021-07-23,142.66
2021-07-24,143.36
2021-07-25,143.97
2021-07-26,144.46
2021-07-27,145.05
2021-07-28,145.71
2021-07-29,146.37
2021-07-30,146.93
2021-07-31,147.40
2021-08-01,147.53
2021-08-02,147.79
2021-08-03,147.54
2021-08-04,147.43
2021-08-05,147.29
2021-08-06,147.49
2021-08-07,147.55
2021-08-08,148.04
2021-08-09,148.52
2021-08-10,149.42
2021-08-11,150.28
2021-08-12,151.16
2021-08-13,152.00
2021-08-14,153.10
2021-08-15,153.98
2021-08-16,154.88
2021-08-17,155.74
2021-08-18,156.59
2021-08-19,157.61
2021-08-20,158.47
2021-08-21,159.29
2021-08-22,160.14
2021-08-23,160.71
2021-08-24,161.24
2021-08-25,161.90
2021-08-26,162.49
2021-08-27,163.26
2021-08-28,163.89
2021-08-29,164.53
2021-08-30,165.35
2021-08-31,166.11
2021-09-01,166.48
2021-09-02,166.71
2021-09-03,166.82
2021-09-04,166.91
2021-09-05,167.34
2021-09-06,167.73
2021-09-07,168.42
2021-09-08,169.24
2021-09-09,170.10
2021-09-10,171.09
2021-09-11,172.22
2021-09-12,172.98
2021-09-13,173.80
2021-09-14,174.19
2021-09-15,174.56
2021-09-16,174.95
2021-09-17,175.34
2021-09-18,175.68
2021-09-19,176.06
2021-09-20,176.38
2021-09-21,176.90
2021-09-22,177.63
2021-09-23,178.28
2021-09-24,178.69
2021-09-25,179.06
2021-09-26,179.37
2021-09-27,179.64
2021-09-28,180.01
2021-09-29,180.18
2021-09-30,180.13
2021-10-01,180.04
2021-10-02,179.93
2021-10-03,179.80
2021-10-04,179.74
2021-10-05,179.59
2021-10-06,179.66
2021-10-07,179.91
2021-10-08,180.29
2021-10-09,180.92
2021-10-10,181.47
2021-10-11,181.95
2021-10-12,182.06
2021-10-13,182.24
2021-10-14,182.29
2021-10-15,182.50
2021-10-16,182.19
2021-10-17,182.25
2021-10-18,182.32
2021-10-19,182.89
2021-10-20,183.17
2021-10-21,183.77
2021-10-22,183.97
2021-10-23,184.55
2021-10-24,184.80
2021-10-25,185.30
2021-10-26,185.26
2021-10-27,185.15
2021-10-28,185.00
2021-10-29,184.85
2021-10-30,184.69
2021-10-31,184.38
2021-11-01,183.68
2021-11-02,183.31
2021-11-03,183.15
2021-11-04,183.07
2021-11-05,183.40
2021-11-06,183.62
2021-11-07,183.97
2021-11-08,184.40
2021-11-09,185.05
2021-11-10,185.66
2021-11-11,186.24
2021-11-12,186.41
2021-11-13,186.75
2021-11-14,187.09
2021-11-15,187.61
2021-11-16,187.89
2021-11-17,188.04
2021-11-18,187.92
2021-11-19,187.79
2021-11-20,187.44
2021-11-21,187.26
2021-11-22,186.93
2021-11-23,186.42
2021-11-24,185.83
2021-11-25,185.36
2021-11-26,184.84
2021-11-27,184.62
2021-11-28,184.05
2021-11-29,183.50
2021-11-30,183.05
2021-12-01,182.23
2021-12-02,181.34
2021-12-03,180.64
2021-12-04,179.75
2021-12-05,178.90
2021-12-06,178.11
2021-12-07,177.40
2021-12-08,176.93
2021-12-09,176.56
2021-12-10,176.05
2021-12-11,175.31
2021-12-12,174.92
2021-12-13,174.55
2021-12-14,174.01
2021-12-15,173.30
2021-12-16,172.48
2021-12-17,171.55
2021-12-18,170.89
2021-12-19,169.82
2021-12-20,168.80
2021-12-21,167.82
2021-12-22,167.13
2021-12-23,166.42
2021-12-24,165.97
2021-12-25,165.49
2021-12-26,164.97
2021-12-27,164.76
2021-12-28,164.53
2021-12-29,164.20
2021-12-30,163.74
2021-12-31,163.03
2022-01-01,162.26
2022-01-02,161.40
2022-01-03,160.38
2022-01-04,159.48
2022-01-05,158.81
2022-01-06,158.31
2022-01-07,158.60
2022-01-08,159.04
2022-01-09,159.84
2022-01-10,160.57
2022-01-11,161.55
2022-01-12,162.86
2022-01-13,164.37
2022-01-14,165.23
2022-01-15,166.72
2022-01-16,168.02
2022-01-17,169.29
2022-01-18,170.52
2022-01-19,171.63
2022-01-20,172.62
2022-01-21,173.82
2022-01-22,174.42
2022-01-23,175.10
2022-01-24,175.83
2022-01-25,176.64
2022-01-26,177.45
2022-01-27,178.46
2022-01-28,179.78
2022-01-29,181.63
2022-01-30,183.60
2022-01-31,185.43
2022-02-01,186.83
2022-02-02,188.08
2022-02-03,189.36
2022-02-04,190.41
2022-02-05,191.14
2022-02-06,191.67
2022-02-07,192.24
2022-02-08,193.08
2022-02-09,194.05
2022-02-10,194.81
2022-02-11,195.53
2022-02-12,196.28
2022-02-13,196.96
2022-02-14,197.36
2022-02-15,197.86
2022-02-16,198.30
2022-02-17,198.71
2022-02-18,199.09
2022-02-19,198.88
2022-02-20,199.02
2022-02-21,199.35
2022-02-22,199.67
2022-02-23,199.82
2022-02-24,199.91
2022-02-25,199.77
2022-02-26,200.11
2022-02-27,199.94
2022-02-28,199.83
2022-03-01,199.44
2022-03-02,199.08
2022-03-03,198.81
2022-03-04,198.80
2022-03-05,198.70
2022-03-06,198.96
2022-03-07,199.05
2022-03-08,199.33
2022-03-09,199.82
2022-03-10,200.15
2022-03-11,200.45
2022-03-12,200.52
2022-03-13,200.53
2022-03-14,200.64
2022-03-15,201.02
2022-03-16,201.21
2022-03-17,201.72
2022-03-18,201.87
2022-03-19,201.87
2022-03-20,202.20
2022-03-21,202.51
2022-03-22,202.16
2022-03-23,202.11
2022-03-24,201.95
2022-03-25,202.19
2022-03-26,202.80
2022-03-27,203.14
2022-03-28,203.40
2022-03-29,204.13
2022-03-30,203.87
2022-03-31,203.49
2022-04-01,202.89
2022-04-02,202.13
2022-04-03,201.26
2022-04-04,200.46
2022-04-05,199.53
2022-04-06,199.41
2022-04-07,198.93
2022-04-08,198.71
2022-04-09,198.39
2022-04-10,197.88
2022-04-11,197.23
2022-04-12,196.86
2022-04-13,196.48
2022-04-14,196.53
2022-04-15,196.46
2022-04-16,196.77
2022-04-17,197.25
2022-04-18,198.02
2022-04-19,198.13
2022-04-20,198.25
2022-04-21,198.10
2022-04-22,198.02
2022-04-23,198.07
2022-04-24,197.95
2022-04-25,197.77
2022-04-26,197.93
2022-04-27,197.28
2022-04-28,197.80
2022-04-29,198.11
2022-04-30,198.12
2022-05-01,198.22
2022-05-02,198.22
2022-05-03,197.89
2022-05-04,198.53
2022-05-05,198.46
2022-05-06,198.67
2022-05-07,198.87
2022-05-08,199.42
2022-05-09,200.02
2022-05-10,200.94
2022-05-11,201.74
2022-05-12,202.24
2022-05-13,202.31
2022-05-14,202.60
2022-05-15,202.68
2022-05-16,202.77
2022-05-17,202.97
2022-05-18,203.03
2022-05-19,202.94
2022-05-20,203.39
2022-05-21,203.12
2022-05-22,203.33
2022-05-23,203.50
2022-05-24,203.52
2022-05-25,203.55
2022-05-26,203.41
2022-05-27,203.01
2022-05-28,203.04
2022-05-29,202.54
2022-05-30,201.86
2022-05-31,201.43
2022-06-01,200.75
2022-06-02,200.23
2022-06-03,199.75
2022-06-04,199.12
2022-06-05,198.65
2022-06-06,198.42
2022-06-07,197.51
2022-06-08,196.91
2022-06-09,196.34
2022-06-10,195.93
2022-06-11,195.66
2022-06-12,194.95
2022-06-13,194.35
2022-06-14,194.43
2022-06-15,194.33
2022-06-16,194.29
2022-06-17,194.20
2022-06-18,194.07
2022-06-19,194.36
2022-06-20,194.46
2022-06-21,194.27
2022-06-22,194.31
2022-06-23,194.36
2022-06-24,194.09
2022-06-25,193.35
2022-06-26,192.78
2022-06-27,192.21
2022-06-28,191.79
2022-06-29,191.18
2022-06-30,190.46
2022-07-01,189.46
2022-07-02,188.94
2022-07-03,188.19
2022-07-04,187.52
2022-07-05,186.90
2022-07-06,186.20
2022-07-07,185.44
2022-07-08,185.35
2022-07-09,185.38
2022-07-10,185.42
2022-07-11,185.41
2022-07-12,185.29
2022-07-13,185.38
2022-07-14,185.73
2022-07-15,185.96
2022-07-16,185.93
2022-07-17,186.09
2022-07-18,186.28
2022-07-19,186.53
2022-07-20,186.63
2022-07-21,186.53
2022-07-22,186.47
2022-07-23,186.23
2022-07-24,186.07
2022-07-25,185.73
2022-07-26,185.43
2022-07-27,185.33
2022-07-28,185.20
2022-07-29,184.84
2022-07-30,184.98
2022-07-31,184.87
2022-08-01,184.87
2022-08-02,184.16
2022-08-03,183.42
2022-08-04,182.97
2022-08-05,182.81
2022-08-06,182.68
2022-08-07,182.59
2022-08-08,182.61
2022-08-09,183.25
2022-08-10,183.60
2022-08-11,184.04
2022-08-12,184.30
2022-08-13,184.30
2022-08-14,184.55
2022-08-15,184.67
2022-08-16,184.94
2022-08-17,185.58
2022-08-18,186.04
2022-08-19,186.48
2022-08-20,187.18
2022-08-21,187.61
2022-08-22,188.02
2022-08-23,188.17
2022-08-24,188.34
2022-08-25,188.42
2022-08-26,188.64
2022-08-27,188.95
2022-08-28,189.33
2022-08-29,189.62
2022-08-30,190.01
2022-08-31,190.39
2022-09-01,190.63
2022-09-02,190.64
2022-09-03,190.66
2022-09-04,190.65
2022-09-05,190.82
2022-09-06,191.01
2022-09-07,190.97
2022-09-08,191.34
2022-09-09,191.66
2022-09-10,191.88
2022-09-11,191.96
2022-09-12,191.99
2022-09-13,192.13
2022-09-14,192.34
2022-09-15,192.34
2022-09-16,192.52
2022-09-17,192.47
2022-09-18,192.51
2022-09-19,192.44
2022-09-20,191.97
2022-09-21,191.75
2022-09-22,191.73
2022-09-23,191.63
2022-09-24,191.94
2022-09-25,192.38
2022-09-26,192.95
2022-09-27,193.89
2022-09-28,194.16
2022-09-29,194.46
2022-09-30,194.52
2022-10-01,193.95
2022-10-02,193.25
2022-10-03,192.52
2022-10-04,191.60
2022-10-05,191.13
2022-10-06,190.63
2022-10-07,190.40
2022-10-08,190.53
2022-10-09,190.76
2022-10-10,190.94
2022-10-11,191.28
2022-10-12,191.56
2022-10-13,191.64
2022-10-14,191.64
2022-10-15,191.60
2022-10-16,191.69
2022-10-17,191.75
2022-10-18,191.85
2022-10-19,191.84
2022-10-20,191.84
2022-10-21,191.85
2022-10-22,191.40
2022-10-23,191.34
2022-10-24,191.25
2022-10-25,191.12
2022-10-26,191.19
2022-10-27,191.18
2022-10-28,191.08
2022-10-29,191.34
2022-10-30,191.19
2022-10-31,191.20
2022-11-01,190.40
2022-11-02,189.46
2022-11-03,188.69
2022-11-04,188.12
2022-11-05,187.57
2022-11-06,186.86
2022-11-07,186.14
2022-11-08,186.15
2022-11-09,186.24
2022-11-10,186.31
2022-11-11,186.36
2022-11-12,186.87
2022-11-13,187.15
2022-11-14,187.33
2022-11-15,187.51
2022-11-16,187.67
2022-11-17,187.89
2022-11-18,187.92
2022-11-19,187.53
2022-11-20,187.29
2022-11-21,187.05
2022-11-22,186.95
2022-11-23,186.85
2022-11-24,186.68
2022-11-25,186.60
2022-11-26,186.66
2022-11-27,186.58
2022-11-28,186.52
2022-11-29,185.69
2022-11-30,185.23
2022-12-01,184.31
2022-12-02,183.13
2022-12-03,181.90
2022-12-04,180.73
2022-12-05,179.73
2022-12-06,179.34
2022-12-07,178.33
2022-12-08,177.67
2022-12-09,177.56
2022-12-10,177.44
2022-12-11,177.45
2022-12-12,177.41
2022-12-13,177.35
2022-12-14,176.92
2022-12-15,176.25
2022-12-16,175.25
2022-12-17,174.02
2022-12-18,172.63
2022-12-19,171.25
2022-12-20,169.57
2022-12-21,168.57
2022-12-22,167.64
2022-12-23,166.59
2022-12-24,166.00
2022-12-25,165.41
2022-12-26,165.03
2022-12-27,164.82
2022-12-28,164.35
2022-12-29,164.01
2022-12-30,163.90
2022-12-31,163.50
2023-01-01,162.89
2023-01-02,162.23
2023-01-03,161.34
2023-01-04,160.65
2023-01-05,160.36
2023-01-06,160.32
2023-01-07,160.58
2023-01-08,161.21
2023-01-09,161.69
2023-01-10,162.85
2023-01-11,164.21
2023-01-12,165.35
2023-01-13,166.35
2023-01-14,166.87
2023-01-15,167.63
2023-01-16,168.37
2023-01-17,168.95
2023-01-18,169.49
2023-01-19,169.76
2023-01-20,169.90
2023-01-21,170.29
2023-01-22,170.42
2023-01-23,170.25
2023-01-24,170.35
2023-01-25,170.24
2023-01-26,170.40
2023-01-27,170.54
2023-01-28,170.90
2023-01-29,171.13
2023-01-30,171.59
2023-01-31,171.63
2023-02-01,171.44
2023-02-02,171.15
2023-02-03,170.92
2023-02-04,170.70
2023-02-05,170.47
2023-02-06,170.47
2023-02-07,170.12
2023-02-08,169.40
2023-02-09,169.09
2023-02-10,168.69
2023-02-11,168.31
2023-02-12,167.88
2023-02-13,167.31
2023-02-14,167.12
2023-02-15,167.54
2023-02-16,167.58
2023-02-17,167.69
2023-02-18,167.06
2023-02-19,167.04
2023-02-20,166.87
2023-02-21,166.85
2023-02-22,166.98
2023-02-23,167.45
2023-02-24,167.16
2023-02-25,167.56
2023-02-26,167.39
2023-02-27,167.29
2023-02-28,166.88
2023-03-01,166.11
2023-03-02,164.76
2023-03-03,164.04
2023-03-04,163.29
2023-03-05,162.76
2023-03-06,162.22
2023-03-07,161.73
2023-03-08,161.47
2023-03-09,161.67
2023-03-10,162.71
2023-03-11,163.90
2023-03-12,164.86
2023-03-13,165.90
2023-03-14,167.03
2023-03-15,168.09
2023-03-16,168.93
2023-03-17,168.91
2023-03-18,168.30
2023-03-19,167.86
2023-03-20,167.41
2023-03-21,166.98
2023-03-22,166.61
2023-03-23,166.24
2023-03-24,165.83
2023-03-25,165.87
2023-03-26,166.02
2023-03-27,165.93
2023-03-28,165.94
2023-03-29,165.88
2023-03-30,165.83
2023-03-31,165.55
2023-04-01,165.07
2023-04-02,164.47
2023-04-03,163.92
2023-04-04,163.43
2023-04-05,163.21
2023-04-06,163.14
2023-04-07,163.17
2023-04-08,163.31
2023-04-09,163.55
2023-04-10,164.08
2023-04-11,163.95
2023-04-12,163.50
2023-04-13,162.93
2023-04-14,162.70
2023-04-15,162.07
2023-04-16,161.71
2023-04-17,161.19
2023-04-18,161.26
2023-04-19,161.66
2023-04-20,161.94
2023-04-21,162.17
2023-04-22,162.97
2023-04-23,163.43
2023-04-24,163.75
2023-04-25,164.22
2023-04-26,164.54
2023-04-27,164.92
2023-04-28,165.49
2023-04-29,165.82
2023-04-30,165.97
2023-05-01,166.40
2023-05-02,165.91
2023-05-03,165.30
2023-05-04,164.44
2023-05-05,163.79
2023-05-06,163.44
2023-05-07,163.23
2023-05-08,162.77
2023-05-09,163.05
2023-05-10,163.47
2023-05-11,164.22
2023-05-12,164.49
2023-05-13,164.61
2023-05-14,164.68
2023-05-15,164.68
2023-05-16,164.58
2023-05-17,164.49
2023-05-18,163.97
2023-05-19,163.56
2023-05-20,163.10
2023-05-21,162.54
2023-05-22,162.18
2023-05-23,161.93
2023-05-24,161.77
2023-05-25,161.92
2023-05-26,161.97
2023-05-27,162.09
2023-05-28,162.19
2023-05-29,162.21
2023-05-30,162.06
2023-05-31,161.42
2023-06-01,160.64
2023-06-02,159.80
2023-06-03,158.87
2023-06-04,158.02
2023-06-05,157.47
2023-06-06,156.64
2023-06-07,156.02
2023-06-08,155.61
2023-06-09,155.43
2023-06-10,155.36
2023-06-11,155.30
2023-06-12,155.01
2023-06-13,155.10
2023-06-14,155.35
2023-06-15,155.46
2023-06-16,155.61
2023-06-17,155.62
2023-06-18,155.74
2023-06-19,155.84
2023-06-20,155.94
2023-06-21,155.93
2023-06-22,155.88
2023-06-23,155.52
2023-06-24,155.26
2023-06-25,154.86
2023-06-26,154.42
2023-06-27,154.05
2023-06-28,153.60
2023-06-29,153.12
2023-06-30,152.61
2023-07-01,151.93
2023-07-02,151.14
2023-07-03,150.41
2023-07-04,149.78
2023-07-05,149.35
2023-07-06,148.83
2023-07-07,148.40
2023-07-08,148.23
2023-07-09,148.27
2023-07-10,148.38
2023-07-11,148.15
2023-07-12,147.82
2023-07-13,147.91
2023-07-14,148.16
2023-07-15,148.23
2023-07-16,148.29
2023-07-17,148.38
2023-07-18,148.39
2023-07-19,148.51
2023-07-20,148.40
2023-07-21,148.05
2023-07-22,147.51
2023-07-23,147.27
2023-07-24,146.97
2023-07-25,146.94
2023-07-26,146.81
2023-07-27,146.89
2023-07-28,147.12
2023-07-29,147.66
2023-07-30,147.85
2023-07-31,148.00
2023-08-01,147.98
2023-08-02,147.89
2023-08-03,147.69
2023-08-04,147.68
2023-08-05,147.70
2023-08-06,147.71
2023-08-07,147.89
2023-08-08,147.94
2023-08-09,148.22
2023-08-10,148.48
2023-08-11,148.46
2023-08-12,148.40
2023-08-13,148.46
2023-08-14,148.03
2023-08-15,148.01
2023-08-16,148.03
2023-08-17,148.00
2023-08-18,148.19
2023-08-19,148.40
2023-08-20,148.47
2023-08-21,149.02
2023-08-22,149.51
2023-08-23,150.00
2023-08-24,150.58
2023-08-25,151.07
2023-08-26,151.45
2023-08-27,151.83
2023-08-28,152.08
2023-08-29,152.27
2023-08-30,152.26
2023-08-31,152.11
2023-09-01,151.63
2023-09-02,151.34
2023-09-03,151.02
2023-09-04,150.71
2023-09-05,150.65
2023-09-06,150.81
2023-09-07,151.19
2023-09-08,151.94
2023-09-09,152.73
2023-09-10,153.50
2023-09-11,154.33
2023-09-12,154.88
2023-09-13,155.27
2023-09-14,155.59
2023-09-15,155.90
2023-09-16,156.05
2023-09-17,156.17
2023-09-18,156.20
2023-09-19,156.33
2023-09-20,156.46
2023-09-21,156.59
2023-09-22,156.61
2023-09-23,156.57
2023-09-24,156.52
2023-09-25,156.57
2023-09-26,156.51
2023-09-27,156.54
2023-09-28,156.42
2023-09-29,156.27
2023-09-30,155.85
2023-10-01,155.42
2023-10-02,154.86
2023-10-03,154.51
2023-10-04,154.18
2023-10-05,153.81
2023-10-06,153.50
2023-10-07,153.56
2023-10-08,153.66
2023-10-09,153.79
2023-10-10,153.74
2023-10-11,153.54
2023-10-12,153.53
2023-10-13,153.53
2023-10-14,153.38
2023-10-15,153.18
2023-10-16,152.97
2023-10-17,152.62
2023-10-18,152.15
2023-10-19,151.74
2023-10-20,151.12
2023-10-21,150.33
2023-10-22,149.75
2023-10-23,149.20
2023-10-24,148.86
2023-10-25,148.84
2023-10-26,148.58
2023-10-27,148.53
2023-10-28,148.74
2023-10-29,148.76
2023-10-30,148.92
2023-10-31,148.41
2023-11-01,147.51
2023-11-02,146.48
2023-11-03,145.48
2023-11-04,144.39
2023-11-05,143.30
2023-11-06,142.11
2023-11-07,141.44
2023-11-08,141.04
2023-11-09,141.00
2023-11-10,141.01
2023-11-11,141.15
2023-11-12,141.29
2023-11-13,141.42
2023-11-14,141.59
2023-11-15,141.56
2023-11-16,141.37
2023-11-17,141.00
2023-11-18,140.29
2023-11-19,139.73
2023-11-20,139.09
2023-11-21,138.44
2023-11-22,137.95
2023-11-23,137.44
2023-11-24,136.93
2023-11-25,136.69
2023-11-26,136.28
2023-11-27,135.94
2023-11-28,135.56
2023-11-29,135.15
2023-11-30,134.52
2023-12-01,133.57
2023-12-02,132.76
2023-12-03,132.04
2023-12-04,131.33
2023-12-05,130.54
2023-12-06,129.89
2023-12-07,129.41
2023-12-08,129.42
2023-12-09,128.96
2023-12-10,128.73
2023-12-11,128.58
2023-12-12,128.41
2023-12-13,128.17
2023-12-14,127.97
2023-12-15,127.70
2023-12-16,127.61
2023-12-17,127.27
2023-12-18,126.92
2023-12-19,126.48
2023-12-20,125.99
2023-12-21,125.45
2023-12-22,125.01
2023-12-23,124.55
2023-12-24,124.16
2023-12-25,123.97
2023-12-26,123.82
2023-12-27,123.48
2023-12-28,123.17
2023-12-29,122.73
2023-12-30,122.31
2023-12-31,121.78
2024-01-01,121.13
2024-01-02,120.42
2024-01-03,120.28
2024-01-04,120.43
2024-01-05,120.75
2024-01-06,121.24
2024-01-07,121.85
2024-01-08,122.36
2024-01-09,123.38
2024-01-10,124.34
2024-01-11,125.19
2024-01-12,126.06
2024-01-13,126.66
2024-01-14,127.51
2024-01-15,128.44
2024-01-16,129.22
2024-01-17,129.84
2024-01-18,130.43
2024-01-19,130.81
2024-01-20,131.55
2024-01-21,132.07
2024-01-22,132.57
2024-01-23,132.99
2024-01-24,133.20
2024-01-25,133.60
2024-01-26,134.01
2024-01-27,134.51
2024-01-28,134.96
2024-01-29,135.40
2024-01-30,135.79
2024-01-31,136.30
2024-02-01,136.32
2024-02-02,136.36
2024-02-03,136.39
2024-02-04,136.42
2024-02-05,136.52
2024-02-06,136.11
2024-02-07,135.65
2024-02-08,135.70
2024-02-09,135.76
2024-02-10,135.57
2024-02-11,135.41
2024-02-12,135.13
2024-02-13,135.34
2024-02-14,135.50
2024-02-15,135.56
2024-02-16,135.63
2024-02-17,135.29
2024-02-18,135.35
2024-02-19,135.41
2024-02-20,135.39
2024-02-21,135.49
2024-02-22,135.53
2024-02-23,135.72
2024-02-24,136.47
2024-02-25,136.78
2024-02-26,137.11
2024-02-27,137.39
2024-02-28,137.47
2024-02-29,137.48
2024-03-01,137.13
2024-03-02,136.49
2024-03-03,135.98
2024-03-04,135.45
2024-03-05,135.06
2024-03-06,134.64
2024-03-07,134.26
2024-03-08,134.11
2024-03-09,134.23
2024-03-10,134.13
2024-03-11,134.05
2024-03-12,133.97
2024-03-13,134.23
2024-03-14,134.39
2024-03-15,134.66
2024-03-16,134.69
2024-03-17,134.95
2024-03-18,135.34
2024-03-19,135.35
2024-03-20,135.23
2024-03-21,135.04
2024-03-22,134.84
2024-03-23,134.80
2024-03-24,134.60
2024-03-25,134.08
2024-03-26,133.82
2024-03-27,133.69
2024-03-28,133.47
2024-03-29,133.28
2024-03-30,132.90
2024-03-31,132.40
2024-04-01,132.08
2024-04-02,131.39
2024-04-03,130.44
2024-04-04,129.79
2024-04-05,128.98
2024-04-06,128.43
2024-04-07,128.07
2024-04-08,127.68
2024-04-09,127.76
2024-04-10,128.08
2024-04-11,128.24
2024-04-12,128.31
2024-04-13,128.35
2024-04-14,128.46
2024-04-15,128.66
2024-04-16,128.90
2024-04-17,129.11
2024-04-18,129.34
2024-04-19,129.64
2024-04-20,129.61
2024-04-21,129.71
2024-04-22,129.74
2024-04-23,129.65
2024-04-24,129.46
2024-04-25,129.42
2024-04-26,129.45
2024-04-27,129.89
2024-04-28,130.08
2024-04-29,130.33
2024-04-30,130.66
2024-05-01,130.80
2024-05-02,130.72
2024-05-03,130.72
2024-05-04,130.65
2024-05-05,130.67
2024-05-06,130.88
2024-05-07,130.63
2024-05-08,130.52
2024-05-09,130.54
2024-05-10,130.42
2024-05-11,130.29
2024-05-12,130.00
2024-05-13,129.55
2024-05-14,129.52
2024-05-15,129.68
2024-05-16,129.87
2024-05-17,130.00
2024-05-18,129.58
2024-05-19,128.96
2024-05-20,128.38
2024-05-21,127.97
2024-05-22,128.24
2024-05-23,128.51
2024-05-24,128.77
2024-05-25,129.62
2024-05-26,130.72
2024-05-27,131.72
2024-05-28,132.34
2024-05-29,132.13
2024-05-30,131.74
2024-05-31,131.27
2024-06-01,130.46
2024-06-02,129.56
2024-06-03,128.78
2024-06-04,127.98
2024-06-05,127.16
2024-06-06,126.38
2024-06-07,125.79
2024-06-08,125.52
2024-06-09,125.40
2024-06-10,125.16
2024-06-11,125.17
2024-06-12,125.33
2024-06-13,125.57
2024-06-14,125.52
2024-06-15,124.95
2024-06-16,124.66
2024-06-17,124.41
2024-06-18,123.99
2024-06-19,123.41
2024-06-20,122.79
2024-06-21,122.34
2024-06-22,122.20
2024-06-23,121.77
2024-06-24,121.29
2024-06-25,120.95
2024-06-26,120.67
2024-06-27,120.42
2024-06-28,120.14
2024-06-29,119.86
2024-06-30,119.51
2024-07-01,119.01
2024-07-02,118.59
2024-07-03,118.29
2024-07-04,117.94
2024-07-05,117.96
2024-07-06,117.91
2024-07-07,117.94
2024-07-08,118.14
2024-07-09,118.38
2024-07-10,118.46
2024-07-11,118.48
2024-07-12,118.15
2024-07-13,118.01
2024-07-14,117.88
2024-07-15,117.71
2024-07-16,117.20
2024-07-17,116.72
2024-07-18,116.38
2024-07-19,116.41
2024-07-20,115.47
2024-07-21,115.09
2024-07-22,114.77
2024-07-23,114.76
2024-07-24,114.83
2024-07-25,114.71
2024-07-26,114.30
2024-07-27,114.89
2024-07-28,114.86
2024-07-29,114.80
2024-07-30,114.71
2024-07-31,114.47
2024-08-01,114.20
2024-08-02,113.88
2024-08-03,113.59
2024-08-04,113.35
2024-08-05,113.31
2024-08-06,113.13
2024-08-07,113.00
2024-08-08,113.08
2024-08-09,113.24
2024-08-10,113.17
2024-08-11,113.22
2024-08-12,113.16
2024-08-13,113.29
2024-08-14,113.53
2024-08-15,113.70
2024-08-16,114.04
2024-08-17,114.54
2024-08-18,114.85
2024-08-19,115.16
2024-08-20,115.48
2024-08-21,115.72
2024-08-22,116.14
2024-08-23,116.44
2024-08-24,116.78
2024-08-25,117.21
2024-08-26,117.49
2024-08-27,117.80
2024-08-28,118.17
2024-08-29,118.45
2024-08-30,118.79
2024-08-31,119.04
2024-09-01,119.15
2024-09-02,119.36
2024-09-03,119.55
2024-09-04,119.74
2024-09-05,119.91
2024-09-06,120.12
2024-09-07,120.45
2024-09-08,120.92
2024-09-09,121.37
2024-09-10,121.88
2024-09-11,122.35
2024-09-12,122.79
2024-09-13,123.12
2024-09-14,123.53
2024-09-15,123.86
2024-09-16,124.17
2024-09-17,124.43
2024-09-18,124.67
2024-09-19,124.94
2024-09-20,125.13
2024-09-21,125.13
2024-09-22,125.13
2024-09-23,125.14
2024-09-24,125.13
2024-09-25,125.21
2024-09-26,125.24
2024-09-27,125.37
2024-09-28,125.42
2024-09-29,125.53
2024-09-30,125.45
2024-10-01,124.96
2024-10-02,124.32
2024-10-03,123.73
2024-10-04,123.02
2024-10-05,122.50
2024-10-06,121.86
2024-10-07,121.37
2024-10-08,121.25
2024-10-09,121.18
2024-10-10,121.09
2024-10-11,120.90
2024-10-12,120.81
2024-10-13,120.70
2024-10-14,120.66
2024-10-15,120.55
2024-10-16,120.52
2024-10-17,120.43
2024-10-18,120.40
2024-10-19,120.13
2024-10-20,120.14
2024-10-21,120.12
2024-10-22,120.12
2024-10-23,120.12
2024-10-24,120.09
2024-10-25,120.09
2024-10-26,120.14
2024-10-27,119.93
2024-10-28,119.88
2024-10-29,119.52
2024-10-30,119.12
2024-10-31,118.68
2024-11-01,118.14
2024-11-02,117.64
2024-11-03,117.13
2024-11-04,116.41
2024-11-05,116.16
2024-11-06,115.79
2024-11-07,115.57
2024-11-08,115.49
2024-11-09,115.50
2024-11-10,115.48
2024-11-11,115.55
2024-11-12,115.57
2024-11-13,115.78
2024-11-14,116.00
2024-11-15,116.20
2024-11-16,116.42
2024-11-17,116.52
2024-11-18,116.71
2024-11-19,116.83
2024-11-20,116.89
2024-11-21,116.85
2024-11-22,116.84
2024-11-23,116.89
2024-11-24,116.99
2024-11-25,116.99
2024-11-26,116.81
2024-11-27,116.50
2024-11-28,116.23
2024-11-29,115.91
2024-11-30,115.32
2024-12-01,114.73
2024-12-02,114.14
2024-12-03,113.60
2024-12-04,113.01
2024-12-05,112.33
2024-12-06,111.60
2024-12-07,111.15
2024-12-08,110.77
2024-12-09,110.45
2024-12-10,110.16
2024-12-11,109.82
2024-12-12,109.47
2024-12-13,109.07
2024-12-14,108.34
2024-12-15,107.88
2024-12-16,107.44
2024-12-17,107.05
2024-12-18,106.77
2024-12-19,106.51
2024-12-20,106.50
2024-12-21,106.84
2024-12-22,106.99
2024-12-23,107.12
2024-12-24,107.43
2024-12-25,107.67
2024-12-26,107.88
2024-12-27,107.78
2024-12-28,107.46
2024-12-29,107.06
2024-12-30,106.78
2024-12-31,106.38
2025-01-01,105.93
2025-01-02,105.38
2025-01-03,105.12
2025-01-04,105.10
2025-01-05,105.09
2025-01-06,104.89
2025-01-07,104.94
2025-01-08,105.39
2025-01-09,106.35
2025-01-10,107.33
2025-01-11,108.26
2025-01-12,109.28
2025-01-13,110.34
2025-01-14,111.26
2025-01-15,111.98
2025-01-16,112.59
2025-01-17,113.12
2025-01-18,113.71
2025-01-19,114.13
2025-01-20,114.55
2025-01-21,114.95
2025-01-22,115.53
2025-01-23,116.01
2025-01-24,116.45
2025-01-25,116.86
2025-01-26,117.33
2025-01-27,117.84
2025-01-28,118.27
2025-01-29,118.48
2025-01-30,118.67
2025-01-31,118.73
2025-02-01,118.69
2025-02-02,118.62
2025-02-03,118.57
2025-02-04,118.18
2025-02-05,117.72
2025-02-06,117.26
2025-02-07,116.94
2025-02-08,116.74
2025-02-09,116.49
2025-02-10,116.08
2025-02-11,116.04
2025-02-12,116.05
2025-02-13,116.14
2025-02-14,116.16
2025-02-15,115.79
2025-02-16,115.76
2025-02-17,115.75
2025-02-18,115.80
2025-02-19,115.93
2025-02-20,116.01
2025-02-21,116.07
2025-02-22,116.44
2025-02-23,116.40
2025-02-24,116.45
2025-02-25,116.45
2025-02-26,116.44
2025-02-27,116.30
2025-02-28,116.18
2025-03-01,115.79
2025-03-02,115.55
2025-03-03,115.27
2025-03-04,114.96
2025-03-05,114.72
2025-03-06,114.70
2025-03-07,114.67
2025-03-08,115.00
2025-03-09,115.25
2025-03-10,115.49
2025-03-11,115.64
2025-03-12,115.76
2025-03-13,115.80
2025-03-14,115.89
2025-03-15,115.95
2025-03-16,115.98
2025-03-17,116.17
2025-03-18,116.06
2025-03-19,115.89
2025-03-20,115.74
2025-03-21,115.56
2025-03-22,115.41
2025-03-23,115.29
2025-03-24,115.07
2025-03-25,114.97
2025-03-26,115.00
2025-03-27,114.93
2025-03-28,114.82
2025-03-29,114.52
2025-03-30,114.22
2025-03-31,113.89
2025-04-01,113.74
2025-04-02,113.50
2025-04-03,113.35
2025-04-04,113.24
2025-04-05,113.32
2025-04-06,113.41
2025-04-07,113.48
2025-04-08,113.47
2025-04-09,113.37
2025-04-10,113.01
2025-04-11,112.56
2025-04-12,112.07
2025-04-13,111.56
2025-04-14,111.11
2025-04-15,110.74
2025-04-16,110.46
2025-04-17,110.42
2025-04-18,110.55
2025-04-19,110.54
2025-04-20,110.57
2025-04-21,110.66
2025-04-22,110.34
2025-04-23,110.00
2025-04-24,109.51
2025-04-25,108.86
2025-04-26,108.26
2025-04-27,107.67
2025-04-28,107.06
2025-04-29,106.87
2025-04-30,106.67
2025-05-01,106.41
2025-05-02,106.29
2025-05-03,106.44
2025-05-04,106.60
2025-05-05,106.89
2025-05-06,106.93
2025-05-07,107.17
2025-05-08,107.60
2025-05-09,108.06
2025-05-10,108.31
2025-05-11,108.50
2025-05-12,108.51
2025-05-13,108.84
2025-05-14,109.05
2025-05-15,109.22
2025-05-16,109.30
2025-05-17,109.12
2025-05-18,109.23
2025-05-19,109.36
2025-05-20,109.52
2025-05-21,109.63
2025-05-22,109.76
2025-05-23,109.98
2025-05-24,110.46
2025-05-25,110.68
2025-05-26,110.94
2025-05-27,111.17
2025-05-28,111.35
2025-05-29,111.30
2025-05-30,111.07
2025-05-31,110.74
2025-06-01,110.41
2025-06-02,110.15
2025-06-03,109.55
2025-06-04,108.98
2025-06-05,108.58
2025-06-06,108.41
2025-06-07,108.44
2025-06-08,108.48
2025-06-09,108.43
2025-06-10,108.63
2025-06-11,108.97
2025-06-12,109.27
2025-06-13,109.43
2025-06-14,109.29
2025-06-15,109.42
2025-06-16,109.47
2025-06-17,109.63
2025-06-18,109.80
2025-06-19,109.99
2025-06-20,110.23
2025-06-21,110.62
2025-06-22,110.76
2025-06-23,110.94
2025-06-24,111.12
2025-06-25,111.14
2025-06-26,111.15
2025-06-27,110.97
2025-06-28,110.75
2025-06-29,110.43
2025-06-30,110.12
2025-07-01,109.53
2025-07-02,108.87
2025-07-03,108.45
2025-07-04,108.21
2025-07-05,108.10
2025-07-06,108.01
2025-07-07,107.89
2025-07-08,107.96
2025-07-09,108.20
2025-07-10,108.29
2025-07-11,108.39
2025-07-12,108.27
2025-07-13,108.21
2025-07-14,108.15
2025-07-15,108.19
2025-07-16,108.13
2025-07-17,108.07
2025-07-18,107.96
2025-07-19,107.83
2025-07-20,107.85
2025-07-21,107.85
2025-07-22,107.90
2025-07-23,107.73
2025-07-24,107.53
2025-07-25,107.33
2025-07-26,107.38
2025-07-27,107.17
2025-07-28,107.00
2025-07-29,106.78
2025-07-30,106.77
2025-07-31,106.62
2025-08-01,106.28
2025-08-02,105.96
2025-08-03,105.66
2025-08-04,105.51
2025-08-05,105.04
2025-08-06,104.65
2025-08-07,104.43
2025-08-08,104.49
2025-08-09,104.44
2025-08-10,104.54
2025-08-11,104.52
2025-08-12,104.88
2025-08-13,105.26
2025-08-14,105.64
2025-08-15,106.13
2025-08-16,106.71
2025-08-17,107.18
2025-08-18,107.58
2025-08-19,108.07
2025-08-20,108.63
2025-08-21,109.22
2025-08-22,109.61
2025-08-23,109.84
2025-08-24,110.21
2025-08-25,110.66
2025-08-26,110.86
2025-08-27,111.11
2025-08-28,111.23
2025-08-29,111.27
2025-08-30,111.51
2025-08-31,111.45
2025-09-01,111.18
2025-09-02,111.13
2025-09-03,110.91
2025-09-04,110.80
2025-09-05,110.89
2025-09-06,110.98
2025-09-07,111.15
2025-09-08,111.50
2025-09-09,111.76
2025-09-10,112.20
2025-09-11,112.58
2025-09-12,112.91
2025-09-13,113.28
2025-09-14,113.55
2025-09-15,113.77
2025-09-16,113.96
2025-09-17,114.01
2025-09-18,114.07
2025-09-19,114.06
2025-09-20,114.01
2025-09-21,114.06
2025-09-22,114.10
2025-09-23,114.16
2025-09-24,114.19
2025-09-25,114.20
2025-09-26,114.04
2025-09-27,113.69
2025-09-28,113.38
2025-09-29,113.07
2025-09-30,112.64
2025-10-01,112.10
2025-10-02,111.62
2025-10-03,111.31
2025-10-04,111.23
2025-10-05,111.16
2025-10-06,111.08
2025-10-07,111.04
2025-10-08,111.17
2025-10-09,111.25
2025-10-10,111.40
2025-10-11,111.44
2025-10-12,111.47
2025-10-13,111.44
2025-10-14,111.55
2025-10-15,111.55
2025-10-16,111.54
2025-10-17,111.45
2025-10-18,111.20
2025-10-19,111.00
2025-10-20,110.90
2025-10-21,110.42
2025-10-22,110.29
2025-10-23,110.16
2025-10-24,110.01
2025-10-25,110.01
2025-10-26,109.91
2025-10-27,109.94
2025-10-28,109.92
2025-10-29,109.45
2025-10-30,108.91
2025-10-31,108.24
2025-11-01,107.14
2025-11-02,106.47
2025-11-03,105.73
2025-11-04,105.33
2025-11-05,105.03
2025-11-06,104.91
2025-11-07,104.89
2025-11-08,105.36
2025-11-09,105.39
2025-11-10,105.40
2025-11-11,105.45
2025-11-12,105.52
2025-11-13,105.48
2025-11-14,105.41
2025-11-15,105.47
2025-11-16,105.37
2025-11-17,105.36
2025-11-18,105.33
2025-11-19,105.13
2025-11-20,105.06
2025-11-21,105.05
2025-11-22,104.92
2025-11-23,104.78
2025-11-24,104.64
2025-11-25,104.39
2025-11-26,104.23
2025-11-27,103.82
2025-11-28,103.43
2025-11-29,102.98
2025-11-30,102.50
2025-12-01,102.14
2025-12-02,101.52
2025-12-03,100.98
2025-12-04,100.45
2025-12-05,99.80
2025-12-06,99.16
2025-12-07,98.65
2025-12-08,98.02
2025-12-09,97.62
2025-12-10,97.14
2025-12-11,97.14
2025-12-12,97.15
2025-12-13,97.18
2025-12-14,97.14
2025-12-15,97.19
2025-12-16,97.28
2025-12-17,97.44
2025-12-18,97.19
2025-12-19,97.06
2025-12-20,96.89
2025-12-21,96.82
2025-12-22,96.67
2025-12-23,96.61
2025-12-24,96.50
2025-12-25,96.26
2025-12-26,95.91
2025-12-27,95.50
2025-12-28,95.11
2025-12-29,94.80
2025-12-30,94.47
2025-12-31,94.13
2026-01-01,93.72
2026-01-02,93.34
2026-01-03,93.14
2026-01-04,92.86
2026-01-05,92.63
2026-01-06,92.71
2026-01-07,93.07
2026-01-08,94.02
2026-01-09,95.29
2026-01-10,96.73
2026-01-11,98.23
2026-01-12,99.57
2026-01-13,100.79
2026-01-14,101.93
2026-01-15,102.75
2026-01-16,103.50
2026-01-17,104.08
2026-01-18,104.62
2026-01-19,105.20
2026-01-20,105.67
2026-01-21,106.08
2026-01-22,106.52
2026-01-23,106.88
2026-01-24,107.30
2026-01-25,107.70
2026-01-26,108.08
2026-01-27,108.50
2026-01-28,108.80
2026-01-29,109.11
2026-01-30,109.32
2026-01-31,109.32
2026-02-01,109.30
2026-02-02,109.19
2026-02-03,108.78
2026-02-04,108.39
2026-02-05,107.96
2026-02-06,107.58
2026-02-07,107.29
2026-02-08,106.94
2026-02-09,106.64
2026-02-10,106.66
2026-02-11,106.69
2026-02-12,106.68
2026-02-13,106.67
2026-02-14,106.64
2026-02-15,106.67
2026-02-16,106.71
2026-02-17,106.79
2026-02-18,107.11
2026-02-19,107.37
2026-02-20,107.66
2026-02-21,107.86
2026-02-22,108.02
2026-02-23,108.21
2026-02-24,108.24
2026-02-25,107.94
2026-02-26,107.64
2026-02-27,107.26
2026-02-28,106.91
2026-03-01,106.44
2026-03-02,105.91
2026-03-03,105.51
2026-03-04,105.26
2026-03-05,105.16
2026-03-06,105.10
2026-03-07,105.11
2026-03-08,105.21
2026-03-09,105.42
2026-03-10,105.48
2026-03-11,105.17
2026-03-12,104.82
2026-03-13,104.47
2026-03-14,104.07
2026-03-15,103.75
2026-03-16,103.52
2026-03-17,103.31
2026-03-18,103.09
2026-03-19,102.84
2026-03-20,102.71
2026-03-21,102.60
2026-03-22,102.45
2026-03-23,102.27
2026-03-24,102.21
2026-03-25,102.34
2026-03-26,102.44
2026-03-27,102.32
